{
  "k": 5,
  "metrics": {
    "success_rate": {
      "mean": 0.4666666666666666,
      "std": 0.1632993161855452,
      "k": 5,
      "band": [
        0.14006803429557624,
        0.793265299037757
      ]
    },
    "mean_score": {
      "mean": 0.5111111111111111,
      "std": 0.1507184440694504,
      "k": 5,
      "band": [
        0.20967422297221028,
        0.8125479992500119
      ]
    },
    "mean_context_window": {
      "mean": 31997.0,
      "std": 7166.8411203573105,
      "k": 5,
      "band": [
        17663.31775928538,
        46330.682240714625
      ]
    },
    "mean_duration_ms": {
      "mean": 50188.86666666667,
      "std": 7746.3168641619595,
      "k": 5,
      "band": [
        34696.23293834275,
        65681.50039499058
      ]
    },
    "mean_token": {
      "mean": 263981.06666666665,
      "std": 27890.193480385413,
      "k": 5,
      "band": [
        208200.67970589583,
        319761.45362743747
      ]
    }
  }
}