{
  "k": 5,
  "n_cases": 3,
  "effect": {
    "mean": 0.5111111111111111,
    "sigma": 0.1507184440694504
  },
  "token": {
    "mean": 31997.0,
    "sigma": 7166.8411203573105
  },
  "duration": {
    "mean": 50188.86666666667,
    "sigma": 7746.3168641619595
  },
  "phi0_per_case": {
    "1": {
      "effect": 0.6,
      "token": 30086,
      "duration": 51004
    },
    "2": {
      "effect": 0.4,
      "token": 34616,
      "duration": 52787
    },
    "3": {
      "effect": 0.5333,
      "token": 31289,
      "duration": 46776
    }
  }
}